,Architecture,Source Dataset,Target Dataset,Oracle
0,bninception,Unknown,sport,0.982
1,bam_resnet50,Unknown,sport,0.978
2,alexnet,Unknown,sport,0.932
3,zfnet,Unknown,sport,0.944
4,vgg19,Unknown,sport,0.966
5,resnet10,Unknown,sport,0.94
6,resnet18,Unknown,sport,0.968
7,resnet20_cifar10,Unknown,sport,0.614
8,resnet20_cifar100,Unknown,sport,0.676
9,resnet20_svhn,Unknown,sport,0.508
10,resnet50,Unknown,sport,0.982
11,resnet56_cifar10,Unknown,sport,0.65
12,resnet56_cifar100,Unknown,sport,0.726
13,resnet56_svhn,Unknown,sport,0.468
14,resnet101,Unknown,sport,0.986
15,preresnet10,Unknown,sport,0.94
16,preresnet18,Unknown,sport,0.956
17,preresnet20_cifar10,Unknown,sport,0.598
18,preresnet20_cifar100,Unknown,sport,0.658
19,preresnet20_svhn,Unknown,sport,0.584
20,preresnet50,Unknown,sport,0.966
21,preresnet56_cifar10,Unknown,sport,0.706
22,preresnet56_cifar100,Unknown,sport,0.718
23,preresnet56_svhn,Unknown,sport,0.49
24,preresnet101,Unknown,sport,0.972
25,resnext14_16x4d,Unknown,sport,0.95
26,resnext14_32x2d,Unknown,sport,0.946
27,resnext14_32x4d,Unknown,sport,0.96
28,seresnet10,Unknown,sport,0.95
29,seresnet18,Unknown,sport,0.968
30,seresnet50,Unknown,sport,0.984
31,seresnet101,Unknown,sport,0.988
32,seresnet56_cifar10,Unknown,sport,0.632
33,seresnet56_cifar100,Unknown,sport,0.746
34,seresnet56_svhn,Unknown,sport,0.484
35,sepreresnet10,Unknown,sport,0.954
36,sepreresnet18,Unknown,sport,0.964
37,seresnext50_32x4d,Unknown,sport,0.982
38,senet16,Unknown,sport,0.97
39,senet28,Unknown,sport,0.978
40,resnesta18,Unknown,sport,0.98
41,ibn_resnet50,Unknown,sport,0.98
42,ibn_densenet121,Unknown,sport,0.976
43,airnet50_1x64d_r2,Unknown,sport,0.978
44,airnext50_32x4d_r2,Unknown,sport,0.986
45,cbam_resnet50,Unknown,sport,0.984
46,scnet50,Unknown,sport,0.992
47,scnet101,Unknown,sport,0.988
48,regnetx002,Unknown,sport,0.948
49,regnetx004,Unknown,sport,0.964
50,regnetx006,Unknown,sport,0.966
51,regnetx008,Unknown,sport,0.988
52,regnety002,Unknown,sport,0.956
53,regnety004,Unknown,sport,0.97
54,regnety006,Unknown,sport,0.968
55,regnety008,Unknown,sport,0.978
56,diracnet18v2,Unknown,sport,0.918
57,diracnet34v2,Unknown,sport,0.942
58,densenet121,Unknown,sport,0.978
59,espnetv2_wd2,Unknown,sport,0.914
60,hrnet_w18_small_v1,Unknown,sport,0.978
61,hrnetv2_w18,Unknown,sport,0.986
62,ror3_56_cifar10,Unknown,sport,0.652
63,ror3_56_cifar100,Unknown,sport,0.718
64,ror3_56_svhn,Unknown,sport,0.49
65,condensenet74_c4_g4,Unknown,sport,0.956
66,condensenet74_c8_g8,Unknown,sport,0.958
67,shakeshakeresnet20_2x16d_cifar10,Unknown,sport,0.672
68,shakeshakeresnet20_2x16d_cifar100,Unknown,sport,0.68
69,shakeshakeresnet20_2x16d_svhn,Unknown,sport,0.546
70,peleenet,Unknown,sport,0.962
71,wrn50_2,Unknown,sport,0.978
72,espnetv2_w1,Unknown,sport,0.946
73,vovnet27s,Unknown,sport,0.978
74,vovnet57,Unknown,sport,0.984
75,selecsls60,Unknown,sport,0.976
76,hardnet39ds,Unknown,sport,0.974
77,hardnet68,Unknown,sport,0.972
78,sqnxt23_w1,Unknown,sport,0.918
79,sqnxt23_w2,Unknown,sport,0.942
80,shufflenet_g1_w1,Unknown,sport,0.918
81,shufflenet_g4_w1,Unknown,sport,0.954
82,menet108_8x1_g3,Unknown,sport,0.898
83,menet160_8x1_g8,Unknown,sport,0.904
84,mobilenet_w1,Unknown,sport,0.97
85,mobilenet_w3d4,Unknown,sport,0.968
86,fdmobilenet_w1,Unknown,sport,0.962
87,igcv3_w1,Unknown,sport,0.972
88,igcv3_wd4,Unknown,sport,0.878
89,mnasnet_b1,Unknown,sport,0.962
90,darts,Unknown,sport,0.976
91,proxylessnas_gpu,Unknown,sport,0.974
92,fbnet_cb,Unknown,sport,0.966
93,xception,Unknown,sport,0.986
94,inceptionv3,Unknown,sport,0.978
95,inceptionv4,Unknown,sport,0.988
96,nasnet_4a1056,Unknown,sport,0.968
97,spnasnet,Unknown,sport,0.964
98,efficientnet_b0,Unknown,sport,0.976
99,efficientnet_b1,Unknown,sport,0.97
100,efficientnet_b0b,Unknown,sport,0.98
101,efficientnet_edge_large_b,Unknown,sport,0.966
102,mixnet_l,Unknown,sport,0.974
103,mobilenet_w1_cub,Unknown,sport,0.826
104,proxylessnas_mobile_cub,Unknown,sport,0.9
105,bninception,Unknown,yoga,0.964200477326969
106,bam_resnet50,Unknown,yoga,0.954653937947494
107,alexnet,Unknown,yoga,0.9498806682577564
108,zfnet,Unknown,yoga,0.935560859188544
109,vgg19,Unknown,yoga,0.9713603818615753
110,resnet10,Unknown,yoga,0.9451073985680192
111,resnet18,Unknown,yoga,0.9451073985680192
112,resnet20_cifar10,Unknown,yoga,0.9427207637231504
113,resnet20_cifar100,Unknown,yoga,0.909307875894988
114,resnet20_svhn,Unknown,yoga,0.9236276849642004
115,resnet50,Unknown,yoga,0.9689737470167064
116,resnet56_cifar10,Unknown,yoga,0.9403341288782816
117,resnet56_cifar100,Unknown,yoga,0.9331742243436754
118,resnet56_svhn,Unknown,yoga,0.9260143198090692
119,resnet101,Unknown,yoga,0.973747016706444
120,preresnet10,Unknown,yoga,0.9331742243436754
121,preresnet18,Unknown,yoga,0.9665871121718376
122,preresnet20_cifar10,Unknown,yoga,0.9498806682577564
123,preresnet20_cifar100,Unknown,yoga,0.9331742243436754
124,preresnet20_svhn,Unknown,yoga,0.9045346062052506
125,preresnet50,Unknown,yoga,0.954653937947494
126,preresnet56_cifar10,Unknown,yoga,0.9451073985680192
127,preresnet56_cifar100,Unknown,yoga,0.935560859188544
128,preresnet56_svhn,Unknown,yoga,0.9212410501193318
129,preresnet101,Unknown,yoga,0.9713603818615753
130,resnext14_16x4d,Unknown,yoga,0.9427207637231504
131,resnext14_32x2d,Unknown,yoga,0.9236276849642004
132,resnext14_32x4d,Unknown,yoga,0.9498806682577564
133,seresnet10,Unknown,yoga,0.9427207637231504
134,seresnet18,Unknown,yoga,0.954653937947494
135,seresnet50,Unknown,yoga,0.964200477326969
136,seresnet101,Unknown,yoga,0.9594272076372315
137,seresnet56_cifar10,Unknown,yoga,0.9522673031026252
138,seresnet56_cifar100,Unknown,yoga,0.9474940334128878
139,seresnet56_svhn,Unknown,yoga,0.9451073985680192
140,sepreresnet10,Unknown,yoga,0.954653937947494
141,sepreresnet18,Unknown,yoga,0.9570405727923628
142,seresnext50_32x4d,Unknown,yoga,0.9785202863961814
143,senet16,Unknown,yoga,0.954653937947494
144,senet28,Unknown,yoga,0.9474940334128878
145,resnesta18,Unknown,yoga,0.9498806682577564
146,ibn_resnet50,Unknown,yoga,0.9713603818615753
147,ibn_densenet121,Unknown,yoga,0.9665871121718376
148,airnet50_1x64d_r2,Unknown,yoga,0.9761336515513126
149,airnext50_32x4d_r2,Unknown,yoga,0.9689737470167064
150,cbam_resnet50,Unknown,yoga,0.9665871121718376
151,scnet50,Unknown,yoga,0.964200477326969
152,scnet101,Unknown,yoga,0.9713603818615753
153,regnetx002,Unknown,yoga,0.9474940334128878
154,regnetx004,Unknown,yoga,0.9618138424821002
155,regnetx006,Unknown,yoga,0.9498806682577564
156,regnetx008,Unknown,yoga,0.9474940334128878
157,regnety002,Unknown,yoga,0.954653937947494
158,regnety004,Unknown,yoga,0.9570405727923628
159,regnety006,Unknown,yoga,0.9689737470167064
160,regnety008,Unknown,yoga,0.9665871121718376
161,diracnet18v2,Unknown,yoga,0.9618138424821002
162,diracnet34v2,Unknown,yoga,0.9570405727923628
163,densenet121,Unknown,yoga,0.9665871121718376
164,espnetv2_wd2,Unknown,yoga,0.9451073985680192
165,hrnet_w18_small_v1,Unknown,yoga,0.9618138424821002
166,hrnetv2_w18,Unknown,yoga,0.9689737470167064
167,ror3_56_cifar10,Unknown,yoga,0.928400954653938
168,ror3_56_cifar100,Unknown,yoga,0.9379474940334128
169,ror3_56_svhn,Unknown,yoga,0.9116945107398567
170,condensenet74_c4_g4,Unknown,yoga,0.9713603818615753
171,condensenet74_c8_g8,Unknown,yoga,0.964200477326969
172,shakeshakeresnet20_2x16d_cifar10,Unknown,yoga,0.9379474940334128
173,shakeshakeresnet20_2x16d_cifar100,Unknown,yoga,0.9474940334128878
174,shakeshakeresnet20_2x16d_svhn,Unknown,yoga,0.9260143198090692
175,peleenet,Unknown,yoga,0.9689737470167064
176,wrn50_2,Unknown,yoga,0.9665871121718376
177,espnetv2_w1,Unknown,yoga,0.9618138424821002
178,vovnet27s,Unknown,yoga,0.964200477326969
179,vovnet57,Unknown,yoga,0.9665871121718376
180,selecsls60,Unknown,yoga,0.9594272076372315
181,hardnet39ds,Unknown,yoga,0.9594272076372315
182,hardnet68,Unknown,yoga,0.9498806682577564
183,sqnxt23_w1,Unknown,yoga,0.935560859188544
184,sqnxt23_w2,Unknown,yoga,0.9665871121718376
185,shufflenet_g1_w1,Unknown,yoga,0.9451073985680192
186,shufflenet_g4_w1,Unknown,yoga,0.9307875894988068
187,menet108_8x1_g3,Unknown,yoga,0.9474940334128878
188,menet160_8x1_g8,Unknown,yoga,0.935560859188544
189,mobilenet_w1,Unknown,yoga,0.9570405727923628
190,mobilenet_w3d4,Unknown,yoga,0.9498806682577564
191,fdmobilenet_w1,Unknown,yoga,0.9379474940334128
192,igcv3_w1,Unknown,yoga,0.9689737470167064
193,igcv3_wd4,Unknown,yoga,0.9522673031026252
194,mnasnet_b1,Unknown,yoga,0.9427207637231504
195,darts,Unknown,yoga,0.964200477326969
196,proxylessnas_gpu,Unknown,yoga,0.9713603818615753
197,fbnet_cb,Unknown,yoga,0.9498806682577564
198,xception,Unknown,yoga,0.9713603818615753
199,inceptionv3,Unknown,yoga,0.9594272076372315
200,inceptionv4,Unknown,yoga,0.9713603818615753
201,nasnet_4a1056,Unknown,yoga,0.9713603818615753
202,spnasnet,Unknown,yoga,0.9427207637231504
203,efficientnet_b0,Unknown,yoga,0.9665871121718376
204,efficientnet_b1,Unknown,yoga,0.9785202863961814
205,efficientnet_b0b,Unknown,yoga,0.9618138424821002
206,efficientnet_edge_large_b,Unknown,yoga,0.9594272076372315
207,mixnet_l,Unknown,yoga,0.9665871121718376
208,mobilenet_w1_cub,Unknown,yoga,0.9212410501193318
209,proxylessnas_mobile_cub,Unknown,yoga,0.9522673031026252
210,bninception,Unknown,flower,0.9792429792429792
211,bam_resnet50,Unknown,flower,0.984126984126984
212,alexnet,Unknown,flower,0.9536019536019535
213,zfnet,Unknown,flower,0.9474969474969476
214,vgg19,Unknown,flower,0.9743589743589745
215,resnet10,Unknown,flower,0.9621489621489622
216,resnet18,Unknown,flower,0.9792429792429792
217,resnet20_cifar10,Unknown,flower,0.7557997557997558
218,resnet20_cifar100,Unknown,flower,0.7985347985347986
219,resnet20_svhn,Unknown,flower,0.7216117216117216
220,resnet50,Unknown,flower,0.984126984126984
221,resnet56_cifar10,Unknown,flower,0.8351648351648352
222,resnet56_cifar100,Unknown,flower,0.8095238095238095
223,resnet56_svhn,Unknown,flower,0.7167277167277167
224,resnet101,Unknown,flower,0.9877899877899878
225,preresnet10,Unknown,flower,0.9645909645909646
226,preresnet18,Unknown,flower,0.984126984126984
227,preresnet20_cifar10,Unknown,flower,0.7545787545787546
228,preresnet20_cifar100,Unknown,flower,0.7252747252747253
229,preresnet20_svhn,Unknown,flower,0.7448107448107448
230,preresnet50,Unknown,flower,0.9768009768009768
231,preresnet56_cifar10,Unknown,flower,0.8046398046398047
232,preresnet56_cifar100,Unknown,flower,0.8205128205128205
233,preresnet56_svhn,Unknown,flower,0.746031746031746
234,preresnet101,Unknown,flower,0.984126984126984
235,resnext14_16x4d,Unknown,flower,0.9706959706959708
236,resnext14_32x2d,Unknown,flower,0.971916971916972
237,resnext14_32x4d,Unknown,flower,0.9548229548229548
238,seresnet10,Unknown,flower,0.9755799755799756
239,seresnet18,Unknown,flower,0.9706959706959708
240,seresnet50,Unknown,flower,0.9804639804639804
241,seresnet101,Unknown,flower,0.9865689865689866
242,seresnet56_cifar10,Unknown,flower,0.7875457875457875
243,seresnet56_cifar100,Unknown,flower,0.8144078144078144
244,seresnet56_svhn,Unknown,flower,0.7594627594627594
245,sepreresnet10,Unknown,flower,0.9706959706959708
246,sepreresnet18,Unknown,flower,0.978021978021978
247,seresnext50_32x4d,Unknown,flower,0.9816849816849816
248,senet16,Unknown,flower,0.978021978021978
249,senet28,Unknown,flower,0.9865689865689866
250,resnesta18,Unknown,flower,0.9816849816849816
251,ibn_resnet50,Unknown,flower,0.9804639804639804
252,ibn_densenet121,Unknown,flower,0.9792429792429792
253,airnet50_1x64d_r2,Unknown,flower,0.9853479853479854
254,airnext50_32x4d_r2,Unknown,flower,0.9853479853479854
255,cbam_resnet50,Unknown,flower,0.9816849816849816
256,scnet50,Unknown,flower,0.9768009768009768
257,scnet101,Unknown,flower,0.9816849816849816
258,regnetx002,Unknown,flower,0.9768009768009768
259,regnetx004,Unknown,flower,0.9694749694749696
260,regnetx006,Unknown,flower,0.9743589743589745
261,regnetx008,Unknown,flower,0.9804639804639804
262,regnety002,Unknown,flower,0.9706959706959708
263,regnety004,Unknown,flower,0.967032967032967
264,regnety006,Unknown,flower,0.9902319902319904
265,regnety008,Unknown,flower,0.9804639804639804
266,diracnet18v2,Unknown,flower,0.9316239316239316
267,diracnet34v2,Unknown,flower,0.945054945054945
268,densenet121,Unknown,flower,0.9768009768009768
269,espnetv2_wd2,Unknown,flower,0.9462759462759462
270,hrnet_w18_small_v1,Unknown,flower,0.9731379731379732
271,hrnetv2_w18,Unknown,flower,0.9804639804639804
272,ror3_56_cifar10,Unknown,flower,0.7155067155067155
273,ror3_56_cifar100,Unknown,flower,0.7753357753357754
274,ror3_56_svhn,Unknown,flower,0.7448107448107448
275,condensenet74_c4_g4,Unknown,flower,0.9768009768009768
276,condensenet74_c8_g8,Unknown,flower,0.9816849816849816
277,shakeshakeresnet20_2x16d_cifar10,Unknown,flower,0.7875457875457875
278,shakeshakeresnet20_2x16d_cifar100,Unknown,flower,0.8229548229548229
279,shakeshakeresnet20_2x16d_svhn,Unknown,flower,0.7741147741147741
280,peleenet,Unknown,flower,0.9743589743589745
281,wrn50_2,Unknown,flower,0.9755799755799756
282,espnetv2_w1,Unknown,flower,0.9633699633699634
283,vovnet27s,Unknown,flower,0.9792429792429792
284,vovnet57,Unknown,flower,0.9865689865689866
285,selecsls60,Unknown,flower,0.9853479853479854
286,hardnet39ds,Unknown,flower,0.9816849816849816
287,hardnet68,Unknown,flower,0.9816849816849816
288,sqnxt23_w1,Unknown,flower,0.9316239316239316
289,sqnxt23_w2,Unknown,flower,0.971916971916972
290,shufflenet_g1_w1,Unknown,flower,0.9645909645909646
291,shufflenet_g4_w1,Unknown,flower,0.9658119658119658
292,menet108_8x1_g3,Unknown,flower,0.9316239316239316
293,menet160_8x1_g8,Unknown,flower,0.927960927960928
294,mobilenet_w1,Unknown,flower,0.9816849816849816
295,mobilenet_w3d4,Unknown,flower,0.9755799755799756
296,fdmobilenet_w1,Unknown,flower,0.9645909645909646
297,igcv3_w1,Unknown,flower,0.9731379731379732
298,igcv3_wd4,Unknown,flower,0.938949938949939
299,mnasnet_b1,Unknown,flower,0.9902319902319904
300,darts,Unknown,flower,0.9731379731379732
301,proxylessnas_gpu,Unknown,flower,0.9853479853479854
302,fbnet_cb,Unknown,flower,0.978021978021978
303,xception,Unknown,flower,0.984126984126984
304,inceptionv3,Unknown,flower,0.9853479853479854
305,inceptionv4,Unknown,flower,0.984126984126984
306,nasnet_4a1056,Unknown,flower,0.9829059829059827
307,spnasnet,Unknown,flower,0.9792429792429792
308,efficientnet_b0,Unknown,flower,0.9816849816849816
309,efficientnet_b1,Unknown,flower,0.989010989010989
310,efficientnet_b0b,Unknown,flower,0.984126984126984
311,efficientnet_edge_large_b,Unknown,flower,0.9804639804639804
312,mixnet_l,Unknown,flower,0.9853479853479854
313,mobilenet_w1_cub,Unknown,flower,0.9267399267399268
314,proxylessnas_mobile_cub,Unknown,flower,0.9328449328449328
315,bninception,Unknown,intel,0.9346666666666666
316,bam_resnet50,Unknown,intel,0.942
317,alexnet,Unknown,intel,0.9326666666666666
318,zfnet,Unknown,intel,0.9316666666666666
319,vgg19,Unknown,intel,0.9393333333333334
320,resnet10,Unknown,intel,0.935
321,resnet18,Unknown,intel,0.93
322,resnet20_cifar10,Unknown,intel,0.8926666666666667
323,resnet20_cifar100,Unknown,intel,0.9003333333333333
324,resnet20_svhn,Unknown,intel,0.8726666666666667
325,resnet50,Unknown,intel,0.9376666666666666
326,resnet56_cifar10,Unknown,intel,0.9026666666666666
327,resnet56_cifar100,Unknown,intel,0.9066666666666666
328,resnet56_svhn,Unknown,intel,0.878
329,resnet101,Unknown,intel,0.9363333333333334
330,preresnet10,Unknown,intel,0.923
331,preresnet18,Unknown,intel,0.9316666666666666
332,preresnet20_cifar10,Unknown,intel,0.8953333333333333
333,preresnet20_cifar100,Unknown,intel,0.8976666666666666
334,preresnet20_svhn,Unknown,intel,0.8803333333333333
335,preresnet50,Unknown,intel,0.9393333333333334
336,preresnet56_cifar10,Unknown,intel,0.905
337,preresnet56_cifar100,Unknown,intel,0.898
338,preresnet56_svhn,Unknown,intel,0.9033333333333332
339,preresnet101,Unknown,intel,0.9353333333333332
340,resnext14_16x4d,Unknown,intel,0.9346666666666666
341,resnext14_32x2d,Unknown,intel,0.9293333333333332
342,resnext14_32x4d,Unknown,intel,0.932
343,seresnet10,Unknown,intel,0.9303333333333332
344,seresnet18,Unknown,intel,0.9336666666666666
345,seresnet50,Unknown,intel,0.9403333333333334
346,seresnet101,Unknown,intel,0.9426666666666668
347,seresnet56_cifar10,Unknown,intel,0.9063333333333332
348,seresnet56_cifar100,Unknown,intel,0.901
349,seresnet56_svhn,Unknown,intel,0.881
350,sepreresnet10,Unknown,intel,0.9306666666666666
351,sepreresnet18,Unknown,intel,0.9326666666666666
352,seresnext50_32x4d,Unknown,intel,0.9403333333333334
353,senet16,Unknown,intel,0.9333333333333332
354,senet28,Unknown,intel,0.9333333333333332
355,resnesta18,Unknown,intel,0.9353333333333332
356,ibn_resnet50,Unknown,intel,0.9373333333333334
357,ibn_densenet121,Unknown,intel,0.934
358,airnet50_1x64d_r2,Unknown,intel,0.939
359,airnext50_32x4d_r2,Unknown,intel,0.9393333333333334
360,cbam_resnet50,Unknown,intel,0.94
361,scnet50,Unknown,intel,0.9363333333333334
362,scnet101,Unknown,intel,0.9343333333333332
363,regnetx002,Unknown,intel,0.93
364,regnetx004,Unknown,intel,0.937
365,regnetx006,Unknown,intel,0.941
366,regnetx008,Unknown,intel,0.9346666666666666
367,regnety002,Unknown,intel,0.9283333333333332
368,regnety004,Unknown,intel,0.938
369,regnety006,Unknown,intel,0.9346666666666666
370,regnety008,Unknown,intel,0.9336666666666666
371,diracnet18v2,Unknown,intel,0.93
372,diracnet34v2,Unknown,intel,0.9283333333333332
373,densenet121,Unknown,intel,0.939
374,espnetv2_wd2,Unknown,intel,0.932
375,hrnet_w18_small_v1,Unknown,intel,0.938
376,hrnetv2_w18,Unknown,intel,0.938
377,ror3_56_cifar10,Unknown,intel,0.8966666666666666
378,ror3_56_cifar100,Unknown,intel,0.8996666666666666
379,ror3_56_svhn,Unknown,intel,0.8873333333333333
380,condensenet74_c4_g4,Unknown,intel,0.94
381,condensenet74_c8_g8,Unknown,intel,0.9393333333333334
382,shakeshakeresnet20_2x16d_cifar10,Unknown,intel,0.891
383,shakeshakeresnet20_2x16d_cifar100,Unknown,intel,0.902
384,shakeshakeresnet20_2x16d_svhn,Unknown,intel,0.8776666666666667
385,peleenet,Unknown,intel,0.933
386,wrn50_2,Unknown,intel,0.9406666666666668
387,espnetv2_w1,Unknown,intel,0.9353333333333332
388,vovnet27s,Unknown,intel,0.9336666666666666
389,vovnet57,Unknown,intel,0.936
390,selecsls60,Unknown,intel,0.941
391,hardnet39ds,Unknown,intel,0.9306666666666666
392,hardnet68,Unknown,intel,0.9413333333333334
393,sqnxt23_w1,Unknown,intel,0.9246666666666666
394,sqnxt23_w2,Unknown,intel,0.9353333333333332
395,shufflenet_g1_w1,Unknown,intel,0.934
396,shufflenet_g4_w1,Unknown,intel,0.9316666666666666
397,menet108_8x1_g3,Unknown,intel,0.929
398,menet160_8x1_g8,Unknown,intel,0.931
399,mobilenet_w1,Unknown,intel,0.9366666666666666
400,mobilenet_w3d4,Unknown,intel,0.934
401,fdmobilenet_w1,Unknown,intel,0.927
402,igcv3_w1,Unknown,intel,0.939
403,igcv3_wd4,Unknown,intel,0.9256666666666666
404,mnasnet_b1,Unknown,intel,0.9363333333333334
405,darts,Unknown,intel,0.939
406,proxylessnas_gpu,Unknown,intel,0.9363333333333334
407,fbnet_cb,Unknown,intel,0.938
408,xception,Unknown,intel,0.9453333333333334
409,inceptionv3,Unknown,intel,0.933
410,inceptionv4,Unknown,intel,0.938
411,nasnet_4a1056,Unknown,intel,0.9406666666666668
412,spnasnet,Unknown,intel,0.937
413,efficientnet_b0,Unknown,intel,0.9376666666666666
414,efficientnet_b1,Unknown,intel,0.9406666666666668
415,efficientnet_b0b,Unknown,intel,0.9403333333333334
416,efficientnet_edge_large_b,Unknown,intel,0.9403333333333334
417,mixnet_l,Unknown,intel,0.94
418,mobilenet_w1_cub,Unknown,intel,0.9163333333333332
419,proxylessnas_mobile_cub,Unknown,intel,0.923
420,bninception,Unknown,weather,0.9262235208181154
421,bam_resnet50,Unknown,weather,0.9240321402483564
422,alexnet,Unknown,weather,0.8991964937910883
423,zfnet,Unknown,weather,0.902118334550767
424,vgg19,Unknown,weather,0.9174579985390796
425,resnet10,Unknown,weather,0.9174579985390796
426,resnet18,Unknown,weather,0.9094229364499636
427,resnet20_cifar10,Unknown,weather,0.8210372534696859
428,resnet20_cifar100,Unknown,weather,0.8414901387874361
429,resnet20_svhn,Unknown,weather,0.7823228634039445
430,resnet50,Unknown,weather,0.9254930606281958
431,resnet56_cifar10,Unknown,weather,0.8327246165084002
432,resnet56_cifar100,Unknown,weather,0.8560993425858291
433,resnet56_svhn,Unknown,weather,0.775018261504748
434,resnet101,Unknown,weather,0.9298758217677136
435,preresnet10,Unknown,weather,0.912344777209642
436,preresnet18,Unknown,weather,0.9130752373995618
437,preresnet20_cifar10,Unknown,weather,0.8363769174579986
438,preresnet20_cifar100,Unknown,weather,0.845872899926954
439,preresnet20_svhn,Unknown,weather,0.7830533235938641
440,preresnet50,Unknown,weather,0.91672753834916
441,preresnet56_cifar10,Unknown,weather,0.8371073776479182
442,preresnet56_cifar100,Unknown,weather,0.8385682980277575
443,preresnet56_svhn,Unknown,weather,0.7983929875821768
444,preresnet101,Unknown,weather,0.9284149013878744
445,resnext14_16x4d,Unknown,weather,0.9240321402483564
446,resnext14_32x2d,Unknown,weather,0.9130752373995618
447,resnext14_32x4d,Unknown,weather,0.9284149013878744
448,seresnet10,Unknown,weather,0.9196493791088386
449,seresnet18,Unknown,weather,0.9159970781592404
450,seresnet50,Unknown,weather,0.9342585829072316
451,seresnet101,Unknown,weather,0.924762600438276
452,seresnet56_cifar10,Unknown,weather,0.8173849525200877
453,seresnet56_cifar100,Unknown,weather,0.8480642804967129
454,seresnet56_svhn,Unknown,weather,0.7888970051132214
455,sepreresnet10,Unknown,weather,0.918918918918919
456,sepreresnet18,Unknown,weather,0.9181884587289992
457,seresnext50_32x4d,Unknown,weather,0.9342585829072316
458,senet16,Unknown,weather,0.933528122717312
459,senet28,Unknown,weather,0.9284149013878744
460,resnesta18,Unknown,weather,0.9276844411979548
461,ibn_resnet50,Unknown,weather,0.9276844411979548
462,ibn_densenet121,Unknown,weather,0.9262235208181154
463,airnet50_1x64d_r2,Unknown,weather,0.9240321402483564
464,airnext50_32x4d_r2,Unknown,weather,0.9240321402483564
465,cbam_resnet50,Unknown,weather,0.93718042366691
466,scnet50,Unknown,weather,0.9284149013878744
467,scnet101,Unknown,weather,0.9298758217677136
468,regnetx002,Unknown,weather,0.9138056975894814
469,regnetx004,Unknown,weather,0.9152666179693206
470,regnetx006,Unknown,weather,0.9254930606281958
471,regnetx008,Unknown,weather,0.9276844411979548
472,regnety002,Unknown,weather,0.914536157779401
473,regnety004,Unknown,weather,0.9276844411979548
474,regnety006,Unknown,weather,0.9218407596785976
475,regnety008,Unknown,weather,0.9233016800584368
476,diracnet18v2,Unknown,weather,0.8911614317019723
477,diracnet34v2,Unknown,weather,0.8809349890430972
478,densenet121,Unknown,weather,0.9203798392987582
479,espnetv2_wd2,Unknown,weather,0.8955441928414901
480,hrnet_w18_small_v1,Unknown,weather,0.91672753834916
481,hrnetv2_w18,Unknown,weather,0.933528122717312
482,ror3_56_cifar10,Unknown,weather,0.8422205989773557
483,ror3_56_cifar100,Unknown,weather,0.8626734842951059
484,ror3_56_svhn,Unknown,weather,0.7823228634039445
485,condensenet74_c4_g4,Unknown,weather,0.924762600438276
486,condensenet74_c8_g8,Unknown,weather,0.929145361577794
487,shakeshakeresnet20_2x16d_cifar10,Unknown,weather,0.8268809349890431
488,shakeshakeresnet20_2x16d_cifar100,Unknown,weather,0.8349159970781592
489,shakeshakeresnet20_2x16d_svhn,Unknown,weather,0.789627465303141
490,peleenet,Unknown,weather,0.91672753834916
491,wrn50_2,Unknown,weather,0.929145361577794
492,espnetv2_w1,Unknown,weather,0.9079620160701242
493,vovnet27s,Unknown,weather,0.914536157779401
494,vovnet57,Unknown,weather,0.9408327246165084
495,selecsls60,Unknown,weather,0.926953981008035
496,hardnet39ds,Unknown,weather,0.9262235208181154
497,hardnet68,Unknown,weather,0.9181884587289992
498,sqnxt23_w1,Unknown,weather,0.8999269539810081
499,sqnxt23_w2,Unknown,weather,0.9181884587289992
500,shufflenet_g1_w1,Unknown,weather,0.9057706355003652
501,shufflenet_g4_w1,Unknown,weather,0.9065010956902848
502,menet108_8x1_g3,Unknown,weather,0.8926223520818115
503,menet160_8x1_g8,Unknown,weather,0.8984660336011687
504,mobilenet_w1,Unknown,weather,0.9181884587289992
505,mobilenet_w3d4,Unknown,weather,0.9225712198685172
506,fdmobilenet_w1,Unknown,weather,0.9094229364499636
507,igcv3_w1,Unknown,weather,0.91672753834916
508,igcv3_wd4,Unknown,weather,0.8802045288531775
509,mnasnet_b1,Unknown,weather,0.9254930606281958
510,darts,Unknown,weather,0.9254930606281958
511,proxylessnas_gpu,Unknown,weather,0.9233016800584368
512,fbnet_cb,Unknown,weather,0.9203798392987582
513,xception,Unknown,weather,0.93718042366691
514,inceptionv3,Unknown,weather,0.9225712198685172
515,inceptionv4,Unknown,weather,0.9327976625273924
516,nasnet_4a1056,Unknown,weather,0.9240321402483564
517,spnasnet,Unknown,weather,0.9196493791088386
518,efficientnet_b0,Unknown,weather,0.9357195032870708
519,efficientnet_b1,Unknown,weather,0.926953981008035
520,efficientnet_b0b,Unknown,weather,0.9254930606281958
521,efficientnet_edge_large_b,Unknown,weather,0.926953981008035
522,mixnet_l,Unknown,weather,0.9306062819576332
523,mobilenet_w1_cub,Unknown,weather,0.8787436084733382
524,proxylessnas_mobile_cub,Unknown,weather,0.887509130752374
525,bninception,Unknown,germ,0.7115384615384616
526,bam_resnet50,Unknown,germ,0.717948717948718
527,alexnet,Unknown,germ,0.6217948717948718
528,zfnet,Unknown,germ,0.6666666666666666
529,vgg19,Unknown,germ,0.7371794871794872
530,resnet10,Unknown,germ,0.6474358974358975
531,resnet18,Unknown,germ,0.6923076923076923
532,resnet20_cifar10,Unknown,germ,0.4743589743589743
533,resnet20_cifar100,Unknown,germ,0.5512820512820513
534,resnet20_svhn,Unknown,germ,0.4294871794871794
535,resnet50,Unknown,germ,0.7115384615384616
536,resnet56_cifar10,Unknown,germ,0.4294871794871794
537,resnet56_cifar100,Unknown,germ,0.4871794871794871
538,resnet56_svhn,Unknown,germ,0.4487179487179487
539,resnet101,Unknown,germ,0.7371794871794872
540,preresnet10,Unknown,germ,0.6538461538461539
541,preresnet18,Unknown,germ,0.7115384615384616
542,preresnet20_cifar10,Unknown,germ,0.4102564102564102
543,preresnet20_cifar100,Unknown,germ,0.4679487179487179
544,preresnet20_svhn,Unknown,germ,0.4038461538461538
545,preresnet50,Unknown,germ,0.6923076923076923
546,preresnet56_cifar10,Unknown,germ,0.3974358974358974
547,preresnet56_cifar100,Unknown,germ,0.4679487179487179
548,preresnet56_svhn,Unknown,germ,0.3974358974358974
549,preresnet101,Unknown,germ,0.75
550,resnext14_16x4d,Unknown,germ,0.7115384615384616
551,resnext14_32x2d,Unknown,germ,0.6730769230769231
552,resnext14_32x4d,Unknown,germ,0.6346153846153846
553,seresnet10,Unknown,germ,0.6858974358974359
554,seresnet18,Unknown,germ,0.6923076923076923
555,seresnet50,Unknown,germ,0.6923076923076923
556,seresnet101,Unknown,germ,0.7243589743589743
557,seresnet56_cifar10,Unknown,germ,0.4230769230769231
558,seresnet56_cifar100,Unknown,germ,0.4935897435897436
559,seresnet56_svhn,Unknown,germ,0.4423076923076923
560,sepreresnet10,Unknown,germ,0.717948717948718
561,sepreresnet18,Unknown,germ,0.6923076923076923
562,seresnext50_32x4d,Unknown,germ,0.7628205128205128
563,senet16,Unknown,germ,0.6858974358974359
564,senet28,Unknown,germ,0.7435897435897436
565,resnesta18,Unknown,germ,0.7243589743589743
566,ibn_resnet50,Unknown,germ,0.7115384615384616
567,ibn_densenet121,Unknown,germ,0.7628205128205128
568,airnet50_1x64d_r2,Unknown,germ,0.7371794871794872
569,airnext50_32x4d_r2,Unknown,germ,0.75
570,cbam_resnet50,Unknown,germ,0.7243589743589743
571,scnet50,Unknown,germ,0.7435897435897436
572,scnet101,Unknown,germ,0.6538461538461539
573,regnetx002,Unknown,germ,0.6794871794871795
574,regnetx004,Unknown,germ,0.717948717948718
575,regnetx006,Unknown,germ,0.6923076923076923
576,regnetx008,Unknown,germ,0.6923076923076923
577,regnety002,Unknown,germ,0.6474358974358975
578,regnety004,Unknown,germ,0.6474358974358975
579,regnety006,Unknown,germ,0.6602564102564102
580,regnety008,Unknown,germ,0.7115384615384616
581,diracnet18v2,Unknown,germ,0.6217948717948718
582,diracnet34v2,Unknown,germ,0.6410256410256411
583,densenet121,Unknown,germ,0.6794871794871795
584,espnetv2_wd2,Unknown,germ,0.6538461538461539
585,hrnet_w18_small_v1,Unknown,germ,0.6794871794871795
586,hrnetv2_w18,Unknown,germ,0.75
587,ror3_56_cifar10,Unknown,germ,0.4230769230769231
588,ror3_56_cifar100,Unknown,germ,0.4487179487179487
589,ror3_56_svhn,Unknown,germ,0.4230769230769231
590,condensenet74_c4_g4,Unknown,germ,0.7628205128205128
591,condensenet74_c8_g8,Unknown,germ,0.6923076923076923
592,shakeshakeresnet20_2x16d_cifar10,Unknown,germ,0.5128205128205128
593,shakeshakeresnet20_2x16d_cifar100,Unknown,germ,0.5
594,shakeshakeresnet20_2x16d_svhn,Unknown,germ,0.3653846153846153
595,peleenet,Unknown,germ,0.7115384615384616
596,wrn50_2,Unknown,germ,0.7115384615384616
597,espnetv2_w1,Unknown,germ,0.7435897435897436
598,vovnet27s,Unknown,germ,0.6602564102564102
599,vovnet57,Unknown,germ,0.7307692307692307
600,selecsls60,Unknown,germ,0.7307692307692307
601,hardnet39ds,Unknown,germ,0.6858974358974359
602,hardnet68,Unknown,germ,0.7435897435897436
603,sqnxt23_w1,Unknown,germ,0.5833333333333334
604,sqnxt23_w2,Unknown,germ,0.6858974358974359
605,shufflenet_g1_w1,Unknown,germ,0.6730769230769231
606,shufflenet_g4_w1,Unknown,germ,0.6346153846153846
607,menet108_8x1_g3,Unknown,germ,0.6474358974358975
608,menet160_8x1_g8,Unknown,germ,0.6089743589743589
609,mobilenet_w1,Unknown,germ,0.6666666666666666
610,mobilenet_w3d4,Unknown,germ,0.7051282051282052
611,fdmobilenet_w1,Unknown,germ,0.6602564102564102
612,igcv3_w1,Unknown,germ,0.7628205128205128
613,igcv3_wd4,Unknown,germ,0.5769230769230769
614,mnasnet_b1,Unknown,germ,0.7115384615384616
615,darts,Unknown,germ,0.6730769230769231
616,proxylessnas_gpu,Unknown,germ,0.6987179487179487
617,fbnet_cb,Unknown,germ,0.7115384615384616
618,xception,Unknown,germ,0.7371794871794872
619,inceptionv3,Unknown,germ,0.7051282051282052
620,inceptionv4,Unknown,germ,0.7307692307692307
621,nasnet_4a1056,Unknown,germ,0.7115384615384616
622,spnasnet,Unknown,germ,0.717948717948718
623,efficientnet_b0,Unknown,germ,0.7435897435897436
624,efficientnet_b1,Unknown,germ,0.782051282051282
625,efficientnet_b0b,Unknown,germ,0.717948717948718
626,efficientnet_edge_large_b,Unknown,germ,0.717948717948718
627,mixnet_l,Unknown,germ,0.75
628,mobilenet_w1_cub,Unknown,germ,0.5576923076923077
629,proxylessnas_mobile_cub,Unknown,germ,0.5833333333333334
630,bninception,Unknown,nature,0.9956427015250544
631,bam_resnet50,Unknown,nature,0.9978213507625272
632,alexnet,Unknown,nature,0.9927378358750908
633,zfnet,Unknown,nature,0.9920116194626
634,vgg19,Unknown,nature,0.998547567175018
635,resnet10,Unknown,nature,0.990559186637618
636,resnet18,Unknown,nature,0.9920116194626
637,resnet20_cifar10,Unknown,nature,0.9665940450254176
638,resnet20_cifar100,Unknown,nature,0.9658678286129266
639,resnet20_svhn,Unknown,nature,0.9382716049382716
640,resnet50,Unknown,nature,0.9970951343500364
641,resnet56_cifar10,Unknown,nature,0.9753086419753086
642,resnet56_cifar100,Unknown,nature,0.9702251270878722
643,resnet56_svhn,Unknown,nature,0.944081336238199
644,resnet101,Unknown,nature,0.9963689179375452
645,preresnet10,Unknown,nature,0.9934640522875816
646,preresnet18,Unknown,nature,0.9941902687000728
647,preresnet20_cifar10,Unknown,nature,0.9680464778503994
648,preresnet20_cifar100,Unknown,nature,0.9651416122004356
649,preresnet20_svhn,Unknown,nature,0.9331880900508353
650,preresnet50,Unknown,nature,0.9949164851125636
651,preresnet56_cifar10,Unknown,nature,0.9760348583877996
652,preresnet56_cifar100,Unknown,nature,0.9651416122004356
653,preresnet56_svhn,Unknown,nature,0.9389978213507624
654,preresnet101,Unknown,nature,0.9978213507625272
655,resnext14_16x4d,Unknown,nature,0.9927378358750908
656,resnext14_32x2d,Unknown,nature,0.990559186637618
657,resnext14_32x4d,Unknown,nature,0.9934640522875816
658,seresnet10,Unknown,nature,0.9934640522875816
659,seresnet18,Unknown,nature,0.9963689179375452
660,seresnet50,Unknown,nature,0.9970951343500364
661,seresnet101,Unknown,nature,0.9956427015250544
662,seresnet56_cifar10,Unknown,nature,0.971677559912854
663,seresnet56_cifar100,Unknown,nature,0.9731299927378358
664,seresnet56_svhn,Unknown,nature,0.9491648511256354
665,sepreresnet10,Unknown,nature,0.9927378358750908
666,sepreresnet18,Unknown,nature,0.9934640522875816
667,seresnext50_32x4d,Unknown,nature,0.9970951343500364
668,senet16,Unknown,nature,0.9949164851125636
669,senet28,Unknown,nature,0.9963689179375452
670,resnesta18,Unknown,nature,0.9963689179375452
671,ibn_resnet50,Unknown,nature,0.9970951343500364
672,ibn_densenet121,Unknown,nature,0.9978213507625272
673,airnet50_1x64d_r2,Unknown,nature,0.9978213507625272
674,airnext50_32x4d_r2,Unknown,nature,0.9970951343500364
675,cbam_resnet50,Unknown,nature,0.998547567175018
676,scnet50,Unknown,nature,0.9978213507625272
677,scnet101,Unknown,nature,0.998547567175018
678,regnetx002,Unknown,nature,0.9934640522875816
679,regnetx004,Unknown,nature,0.9941902687000728
680,regnetx006,Unknown,nature,0.9956427015250544
681,regnetx008,Unknown,nature,0.9970951343500364
682,regnety002,Unknown,nature,0.9963689179375452
683,regnety004,Unknown,nature,0.9970951343500364
684,regnety006,Unknown,nature,0.9970951343500364
685,regnety008,Unknown,nature,0.9949164851125636
686,diracnet18v2,Unknown,nature,0.9920116194626
687,diracnet34v2,Unknown,nature,0.9920116194626
688,densenet121,Unknown,nature,0.9956427015250544
689,espnetv2_wd2,Unknown,nature,0.9854756717501816
690,hrnet_w18_small_v1,Unknown,nature,0.9949164851125636
691,hrnetv2_w18,Unknown,nature,0.9949164851125636
692,ror3_56_cifar10,Unknown,nature,0.9651416122004356
693,ror3_56_cifar100,Unknown,nature,0.9680464778503994
694,ror3_56_svhn,Unknown,nature,0.9462599854756718
695,condensenet74_c4_g4,Unknown,nature,0.9956427015250544
696,condensenet74_c8_g8,Unknown,nature,0.9941902687000728
697,shakeshakeresnet20_2x16d_cifar10,Unknown,nature,0.9680464778503994
698,shakeshakeresnet20_2x16d_cifar100,Unknown,nature,0.9760348583877996
699,shakeshakeresnet20_2x16d_svhn,Unknown,nature,0.9375453885257808
700,peleenet,Unknown,nature,0.9949164851125636
701,wrn50_2,Unknown,nature,0.9963689179375452
702,espnetv2_w1,Unknown,nature,0.9941902687000728
703,vovnet27s,Unknown,nature,0.9934640522875816
704,vovnet57,Unknown,nature,0.9963689179375452
705,selecsls60,Unknown,nature,0.9970951343500364
706,hardnet39ds,Unknown,nature,0.9934640522875816
707,hardnet68,Unknown,nature,0.9920116194626
708,sqnxt23_w1,Unknown,nature,0.9927378358750908
709,sqnxt23_w2,Unknown,nature,0.9927378358750908
710,shufflenet_g1_w1,Unknown,nature,0.9920116194626
711,shufflenet_g4_w1,Unknown,nature,0.9949164851125636
712,menet108_8x1_g3,Unknown,nature,0.9934640522875816
713,menet160_8x1_g8,Unknown,nature,0.9862018881626724
714,mobilenet_w1,Unknown,nature,0.9970951343500364
715,mobilenet_w3d4,Unknown,nature,0.9941902687000728
716,fdmobilenet_w1,Unknown,nature,0.9920116194626
717,igcv3_w1,Unknown,nature,0.9949164851125636
718,igcv3_wd4,Unknown,nature,0.9912854030501088
719,mnasnet_b1,Unknown,nature,0.9934640522875816
720,darts,Unknown,nature,0.9941902687000728
721,proxylessnas_gpu,Unknown,nature,0.9963689179375452
722,fbnet_cb,Unknown,nature,0.9956427015250544
723,xception,Unknown,nature,0.9978213507625272
724,inceptionv3,Unknown,nature,0.9992737835875092
725,inceptionv4,Unknown,nature,0.9978213507625272
726,nasnet_4a1056,Unknown,nature,0.9949164851125636
727,spnasnet,Unknown,nature,0.9949164851125636
728,efficientnet_b0,Unknown,nature,0.9949164851125636
729,efficientnet_b1,Unknown,nature,0.9956427015250544
730,efficientnet_b0b,Unknown,nature,0.9949164851125636
731,efficientnet_edge_large_b,Unknown,nature,0.9956427015250544
732,mixnet_l,Unknown,nature,0.9978213507625272
733,mobilenet_w1_cub,Unknown,nature,0.9862018881626724
734,proxylessnas_mobile_cub,Unknown,nature,0.9854756717501816
